{
  "total_runs": 4608,
  "kems_tested": 6,
  "total_messages": 622080,
  "avg_delivery_ratio": 0.9747388599537037,
  "total_duration_hours": 38.4,
  "generation_timestamp": "2025-11-21T02:26:29.505146"
}